"tag_serial_number","date_time","detection_latitude","detection_longitude"
"1293295",2018-07-19,51.6122046899337,3.6463148060996
"1293295",2018-07-20,51.6109875969636,3.67517833814159
"1293295",2018-07-21,51.6140869825458,3.69599343734399
"1293295",2018-07-22,51.6111461363103,3.68449460396748
"1293295",2018-07-23,51.6131289541029,3.68764241796182
"1293295",2018-07-24,51.6130060965457,3.6868105935159
"1293295",2018-07-25,51.6084158309669,3.69007549184173
"1293295",2018-07-26,51.6138515413868,3.686200443195
"1293295",2018-07-27,51.6153394856931,3.69587424390341
"1293295",2018-07-28,51.608589016549,3.69355860969633
"1293295",2018-07-29,51.609695103159,3.6919895109016
"1293295",2018-07-30,51.6136828873955,3.67968179198483
"1293295",2018-07-31,51.6166884572918,3.67052680425041
"1293295",2018-08-01,51.6083971612246,3.67127808360909
"1293295",2018-08-02,51.6066973760816,3.57463570100772
"1293295",2018-08-03,51.608591252668,3.51425504222777
"1293295",2018-08-04,51.6370777826905,3.36990635551262
"1293295",2018-08-05,51.6655037599057,3.29987153185147
"1293295",2018-08-06,51.6933887063649,3.27381947070338
"1293295",2018-08-07,51.6894673483976,3.21018758511809
"1293295",2018-08-08,51.6768557681242,3.16672211808228
"1293295",2018-08-09,51.6668422751412,3.13877780848908
"1293295",2018-08-10,51.6601116511777,3.13453121924147
"1293295",2018-08-11,51.6526381567156,3.11463936189733
"1293295",2018-08-12,51.6364210964127,3.1112071622799
"1293295",2018-08-13,51.6393669975361,3.1116542493901
"1293295",2018-08-14,51.6429015454189,3.10355558207637
"1293295",2018-08-15,51.6317251350474,3.06167052332573
"1293295",2018-08-16,51.6076922532762,3.02718774877756
"1293295",2018-08-17,51.5578067184321,3.00304108510718
"1293295",2018-08-18,51.5756808184123,2.98749088963366
"1293295",2018-08-19,51.5763899938524,2.99797754130069
"1293295",2018-08-20,51.5947786813828,2.89436253200835
"1293295",2018-08-21,51.6229121608672,2.81914548646331
"1293295",2018-08-22,51.6170523686931,2.81643045170992
"1293295",2018-08-23,51.6205948814006,2.82769458512768
"1293295",2018-08-24,51.62335161305,2.826387212125
"1293295",2018-08-25,51.6209141516273,2.81534507823475
"1293304",2019-07-11,51.6122046899337,3.6463148060996
"1293304",2019-07-12,51.609854616344,3.66403553664833
"1293304",2019-07-13,51.6116575299186,3.67644506994728
"1293304",2019-07-14,51.6104179596744,3.69535234583369
"1293304",2019-07-15,51.6152610135283,3.69251447590835
"1293304",2019-07-16,51.6131925457691,3.68303709432684
"1293304",2019-07-17,51.6151527941708,3.68907000441875
"1293304",2019-07-18,51.6113622327175,3.68420587409119
"1293304",2019-07-19,51.616328261685,3.68578744943177
"1293304",2019-07-20,51.6095615011697,3.68346382172074
"1293304",2019-07-21,51.6122022529817,3.6887542347443
"1293304",2019-07-22,51.6120217629956,3.69037016393719
"1293304",2019-07-23,51.6132271438337,3.68335170652502
"1293308",2018-08-02,51.4287807115098,3.40112411167141
"1293308",2018-08-03,51.3985047400492,3.36995639027394
"1293308",2018-08-04,51.4132285710495,3.29888709551323
"1293308",2018-08-05,51.4076285452777,3.24973776844855
"1293308",2018-08-06,51.4051406005929,3.20681425256217
"1293308",2018-08-07,51.3886158150119,3.15197167509973
"1293308",2018-08-08,51.3916068495193,3.11206424926341
"1293308",2018-08-09,51.4043424451937,3.04481404982966
"1293308",2018-08-10,51.4210143479805,2.97745356294317
"1293308",2018-08-11,51.4163050948574,2.93629638491365
"1293308",2018-08-12,51.4280967563472,2.90051404148184
"1293308",2018-08-13,51.4275938579923,2.86488998525957
"1293308",2018-08-14,51.4255211330278,2.83521144134481
"1293308",2018-08-15,51.4227112822958,2.80914301283719
"1293308",2018-08-16,51.4094953983938,2.78135811930811
"1293308",2018-08-17,51.3968391633517,2.7686589694691
"1293308",2018-08-18,51.3793367646907,2.74432268987944
"1293308",2018-08-19,51.3692265883214,2.72950616972174
"1293308",2018-08-20,51.3508937470657,2.73361039739244
"1293308",2018-08-21,51.3286752662628,2.73915520740441
"1293308",2018-08-22,51.3240963415266,2.70844492771526
"1293308",2018-08-23,51.3085116708672,2.66350577173423
"1293308",2018-08-24,51.2899466700065,2.61351820992175
"1293308",2018-08-25,51.2714430135616,2.53622965243996
"1293308",2018-08-26,51.2483165076974,2.46300753580595
"1293308",2018-08-27,51.2199731017268,2.39177843928088
"1293308",2018-08-28,51.1911142275621,2.31617454572666
"1293308",2018-08-29,51.1673503420608,2.25138748184785
"1293308",2018-08-30,51.1384403461944,2.17641823107079
"1293308",2018-08-31,51.1151848625879,2.10689242859695
"1293308",2018-09-01,51.0899090219615,2.02664310769205
"1293308",2018-09-02,51.0601470307019,1.95915373851061
"1293308",2018-09-03,51.0303906572838,1.88749989724406
"1293308",2018-09-04,51.0035358378874,1.81613815402061
"1293308",2018-09-05,50.9796103724658,1.74340323951341
"1293308",2018-09-06,50.94609441924,1.66990117141164
"1293308",2018-09-07,50.9118867672753,1.59042611218578
"1293308",2018-09-08,50.8632245924232,1.54839228208759
"1293308",2018-09-09,50.8173393588517,1.51412906854056
"1293308",2018-09-10,50.7778038869673,1.45263096897717
"1293308",2018-09-11,50.7372225415079,1.39231913899454
"1293308",2018-09-12,50.7006013676002,1.3321277174182
"1293308",2018-09-13,50.6614036683377,1.25664518749558
"1293308",2018-09-14,50.6239862153359,1.18850685732588
"1293308",2018-09-15,50.5949046360025,1.1388445431898
"1293308",2018-09-16,50.5532197571416,1.06241204825106
"1293308",2018-09-17,50.521094577342,0.99191988426945
"1293308",2018-09-18,50.4829078756936,0.922869237374108
"1293308",2018-09-19,50.4543679138553,0.835645317063588
"1293308",2018-09-20,50.4248838033698,0.753174309674495
"1293308",2018-09-21,50.4076857909424,0.655048404118446
"1293308",2018-09-22,50.3949081532665,0.548626874354656
"1293308",2018-09-23,50.3791923120277,0.456742518391871
"1293308",2018-09-24,50.3569943339472,0.356339600899355
"1293308",2018-09-25,50.3274455869356,0.256942899379515
"1293308",2018-09-26,50.3021754741319,0.153023227138294
"1293308",2018-09-27,50.2801539456411,0.0610840984576019
"1293308",2018-09-28,50.2686545807346,-0.0354578378642045
"1293308",2018-09-29,50.2450270871718,-0.1447030634934
"1293308",2018-09-30,50.2336321208526,-0.236243234740902
"1293308",2018-10-01,50.2140074700703,-0.337310119711397
"1293308",2018-10-02,50.2027834441985,-0.419241326924007
"1293308",2018-10-03,50.1967792606238,-0.501232527146683
"1293308",2018-10-04,50.1978223753893,-0.58283764801206
"1293308",2018-10-05,50.1910894062669,-0.675557191877421
"1293308",2018-10-06,50.1821726082551,-0.754574027649461
"1293308",2018-10-07,50.1623881657948,-0.842325322958424
"1293308",2018-10-08,50.1659131051212,-0.935843449888084
"1293308",2018-10-09,50.199056967415,-1.05501016497171
"1293308",2018-10-10,50.2133223924662,-1.11181510989069
"1293308",2018-10-11,50.1998899946176,-1.14107460105384
"1293308",2018-10-12,50.2038093002139,-1.16461176247504
"1293308",2018-10-13,50.1964544604237,-1.20235002075365
"1293308",2018-10-14,50.1979824386275,-1.22934895136865
"1293308",2018-10-15,50.1942052824207,-1.26826975662546
"1293308",2018-10-16,50.197008184872,-1.29090637726472
"1293308",2018-10-17,50.1908788111213,-1.32169974522375
"1293308",2018-10-18,50.1971018737799,-1.33734121478788
"1293308",2018-10-19,50.188541263359,-1.34826484330243
"1293308",2018-10-20,50.1798794645374,-1.35903757979362
"1293308",2018-10-21,50.1867282453192,-1.37829497292785
"1293308",2018-10-22,50.1822650724326,-1.39328517807776
"1293308",2018-10-23,50.1855678793556,-1.39836390771994
"1293308",2018-10-24,50.1805745528752,-1.42208836889711
"1293308",2018-10-25,50.1888071856121,-1.43120647526657
"1293308",2018-10-26,50.1812063039274,-1.44835777821204
"1293308",2018-10-27,50.180348515901,-1.45809472246213
"1293308",2018-10-28,50.1863575113628,-1.46753360181831
"1293308",2018-10-29,50.1873768294227,-1.46935096772532
"1293308",2018-10-30,50.1814261906068,-1.47814999091679
"1293308",2018-10-31,50.1814130038817,-1.47114810226468
"1293308",2018-11-01,50.1849297301432,-1.47785308375351
"1293308",2018-11-02,50.1879993493272,-1.46950371160775
"1293308",2018-11-03,50.1857835454214,-1.47379292309327
"1293308",2018-11-04,50.184193940478,-1.47407769101161
"1293308",2018-11-05,50.1868240513085,-1.47307953151466
"1293308",2018-11-06,50.1871695452183,-1.47101319328069
"1293308",2018-11-07,50.1832846976922,-1.46959027131237
"1293308",2018-11-08,50.1836690119665,-1.46673712951566
"1293308",2018-11-09,50.1888115251699,-1.46702406995625
"1293308",2018-11-10,50.1824200149691,-1.47726951622525
"1293308",2018-11-11,50.181653046525,-1.47161800081083
"1293308",2018-11-12,50.1847188333427,-1.4670846374532
"1293308",2018-11-13,50.1805472424681,-1.47801244691474
"1293308",2018-11-14,50.1851353435954,-1.47842843830409
"1293308",2018-11-15,50.1879404208132,-1.47207301004171
"1293308",2018-11-16,50.1860330191446,-1.46844805583239
"1293308",2018-11-17,50.1798892971347,-1.47543523146981
"1293308",2018-11-18,50.181914275941,-1.46558227759268
"1293308",2018-11-19,50.1852698781939,-1.47580273644885
"1293308",2018-11-20,50.1878832861443,-1.47244111618561
"1293308",2018-11-21,50.1819671700881,-1.47205586941853
"1293308",2018-11-22,50.1888619873375,-1.46979289081792
"1293308",2018-11-23,50.1821026922947,-1.46704184799064
"1293308",2018-11-24,50.1746069311674,-1.47172424229527
"1293308",2018-11-25,50.173076484171,-1.4780045798723
"1293308",2018-11-26,50.1776009313791,-1.4693163267013
"1293308",2018-11-27,50.1746170568412,-1.46636126688525
"1293308",2018-11-28,50.169910262324,-1.47400752929655
"1293308",2018-11-29,50.1704555333268,-1.4730232536582
"1293308",2018-11-30,50.1657907470799,-1.47473336191045
"1293308",2018-12-01,50.1690127305382,-1.47017796325001
"1293308",2018-12-02,50.1698032363661,-1.47081026738833
"1293308",2018-12-03,50.1660553626329,-1.47261440659463
"1293308",2018-12-04,50.175050871309,-1.4725581862669
"1293308",2018-12-05,50.1852634160671,-1.46589887348274
"1293308",2018-12-06,50.1874146555376,-1.47044555518088
"1293308",2018-12-07,50.1867031661445,-1.47098090212738
"1293308",2018-12-08,50.1821009359791,-1.47800654219012
"1293308",2018-12-09,50.1885204187834,-1.46888382685817
"1293308",2018-12-10,50.1802187965453,-1.47151997151203
"1293308",2018-12-11,50.1866437714067,-1.46701449293693
"1293308",2018-12-12,50.1846632627324,-1.46559165254593
"1293308",2018-12-13,50.1845592634201,-1.4773882243441
"1293308",2018-12-14,50.1808704350063,-1.47830358434336
"1293308",2018-12-15,50.1883974921433,-1.46559458926275
"1293308",2018-12-16,50.1840619878548,-1.47401102480604
"1293308",2018-12-17,50.1851256217445,-1.46768739565433
"1293308",2018-12-18,50.1820659258503,-1.47228420755238
"1293308",2018-12-19,50.18273119006,-1.47917158375095
"1293308",2018-12-20,50.1884034582323,-1.47594787659723
"1293308",2018-12-21,50.1858529868968,-1.4791816914313
"1293308",2018-12-22,50.180042058667,-1.47425354035602
"1293308",2018-12-23,50.1924391880099,-1.46641914433988
"1293308",2018-12-24,50.1930791369389,-1.4738636558657
"1293308",2018-12-25,50.1950687946949,-1.46721033642881
"1293308",2018-12-26,50.186048109857,-1.46674155721332
"1293308",2018-12-27,50.1865594119621,-1.47351148874403
"1293308",2018-12-28,50.1858354742628,-1.47114105147261
"1293308",2018-12-29,50.18046852977,-1.46904107754782
"1293308",2018-12-30,50.1844616183156,-1.46648887814458
"1293308",2018-12-31,50.1816727838099,-1.47116973134023
"1293308",2019-01-01,50.1888094963224,-1.47704392655478
"1293308",2019-01-02,50.1804138746891,-1.47563650981115
"1293308",2019-01-03,50.1829283252713,-1.46611438543302
"1293308",2019-01-04,50.185277553488,-1.47288721594441
"1293308",2019-01-05,50.1747458749742,-1.49134754128686
"1293308",2019-01-06,50.1666146986991,-1.49846290529834
"1293308",2019-01-07,50.1603700158941,-1.52413098051512
"1293308",2019-01-08,50.1062137722457,-1.56192934251638
"1293308",2019-01-09,50.0496444122565,-1.60995698746842
"1293308",2019-01-10,50.0367446705823,-1.62500571993308
"1293308",2019-01-11,50.0384857678708,-1.62212942603408
"1293308",2019-01-12,50.0407462989635,-1.62158343599217
"1293308",2019-01-13,50.0343783793176,-1.62459534768997
"1293308",2019-01-14,50.0409601673586,-1.62378168119908
"1293308",2019-01-15,50.0401549912071,-1.62555972922375
"1293308",2019-01-16,50.0451069327416,-1.62365711125469
"1293308",2019-01-17,50.0489075691428,-1.62508107337022
"1293308",2019-01-18,50.045484158616,-1.60524437329033
"1293308",2019-01-19,50.0462893229556,-1.61190047667684
"1293308",2019-01-20,50.0515263938502,-1.60569502984952
"1293308",2019-01-21,50.0411529928258,-1.62369459332908
"1293308",2019-01-22,50.0268594082951,-1.62659240899173
"1293308",2019-01-23,50.0392629390746,-1.6175933115744
"1293308",2019-01-24,50.0259919410919,-1.62529288934683
"1293308",2019-01-25,50.032608720332,-1.61603985623838
"1293308",2019-01-26,50.0410064695801,-1.61489134506152
"1293308",2019-01-27,50.0289790399083,-1.6190846925114
"1293308",2019-01-28,50.0285704997928,-1.61952223574019
"1293308",2019-01-29,50.0166660439515,-1.63192928161032
"1293308",2019-01-30,50.0193817329059,-1.62866530022327
"1293308",2019-01-31,50.0220055812346,-1.6335927945565
"1293308",2019-02-01,50.0193032284601,-1.63940107163213
"1293308",2019-02-02,50.0225559118085,-1.63660858603969
"1293308",2019-02-03,50.0198498160665,-1.63166062009009
"1293308",2019-02-04,50.0200938136182,-1.63990567639816
"1293308",2019-02-05,50.0217822393904,-1.62942138829959
"1293308",2019-02-06,50.0180431015826,-1.63256775877517
"1293308",2019-02-07,50.0234119424067,-1.63829103756925
"1293308",2019-02-08,50.0244483864431,-1.64106188791224
"1293308",2019-02-09,50.0262704052471,-1.62268359165984
"1293308",2019-02-10,50.0378722028126,-1.61779959590629
"1293308",2019-02-11,50.0339561745937,-1.62827283104318
"1293308",2019-02-12,50.0405362616689,-1.61847307675342
"1293308",2019-02-13,50.0341159857744,-1.61921335210541
"1293308",2019-02-14,50.0497306329151,-1.60568259310848
"1293308",2019-02-15,50.076203318308,-1.57550098895568
"1293308",2019-02-16,50.1053862384422,-1.5560592778737
"1293308",2019-02-17,50.125426077794,-1.5462834498598
"1293308",2019-02-18,50.1577076816689,-1.53211579778293
"1293308",2019-02-19,50.1705177475306,-1.50876185345599
"1293308",2019-02-20,50.1730244001317,-1.501461662433
"1293308",2019-02-21,50.1710353520887,-1.48611529331917
"1293308",2019-02-22,50.1717501616444,-1.4754081382757
"1293308",2019-02-23,50.1792130122462,-1.45631205532151
"1293308",2019-02-24,50.1767488077767,-1.44842420399212
"1293308",2019-02-25,50.1746808127366,-1.42615536335174
"1293308",2019-02-26,50.1875094969464,-1.41970346774252
"1293308",2019-02-27,50.1807192071906,-1.40087253195958
"1293308",2019-02-28,50.1857060349619,-1.38668474740602
"1293308",2019-03-01,50.1842987203461,-1.37441409219889
"1293308",2019-03-02,50.1809011845414,-1.36452182070636
"1293308",2019-03-03,50.1846786529653,-1.34130044012673
"1293308",2019-03-04,50.1890397047086,-1.32793816921906
"1293308",2019-03-05,50.1929940786608,-1.31577167503628
"1293308",2019-03-06,50.1956436264642,-1.30768277550207
"1293308",2019-03-07,50.197408725199,-1.28810755901672
"1293308",2019-03-08,50.1927916858181,-1.27888900985737
"1293308",2019-03-09,50.1907922037263,-1.26637508580555
"1293308",2019-03-10,50.1963758043999,-1.25431069083457
"1293308",2019-03-11,50.196478029944,-1.2374435042754
"1293308",2019-03-12,50.1975165915154,-1.22576098563534
"1293308",2019-03-13,50.1972768123904,-1.21136295945949
"1293308",2019-03-14,50.1928582625289,-1.1984736679821
"1293308",2019-03-15,50.1960980331297,-1.17761755545758
"1293308",2019-03-16,50.1940743503079,-1.17822443681509
"1293308",2019-03-17,50.1889548350124,-1.17087084437342
"1293308",2019-03-18,50.1926711489524,-1.17304635772021
"1293308",2019-03-19,50.1902465537885,-1.16500227222806
"1293308",2019-03-20,50.2040297538003,-1.15657551102588
"1293308",2019-03-21,50.2096125652929,-1.13490051727461
"1293308",2019-03-22,50.2239524459823,-1.10149588234761
"1293308",2019-03-23,50.295108976517,-1.04302819177461
"1293308",2019-03-24,50.3025471993159,-0.995089996838745
"1293308",2019-03-25,50.3141334471559,-0.985144012714525
"1293308",2019-03-26,50.3077649456689,-0.951300618657377
"1293308",2019-03-27,50.3012272999381,-0.925632597924652
"1293308",2019-03-28,50.2985281561801,-0.892424973644987
"1293308",2019-03-29,50.3039271206899,-0.872896619502918
"1293308",2019-03-30,50.2983382584715,-0.837869008926863
"1293308",2019-03-31,50.3005461795127,-0.816089856666041
"1293308",2019-04-01,50.3034573920718,-0.78821888510197
"1293308",2019-04-02,50.3091230280757,-0.766188623520735
"1293308",2019-04-03,50.3212856230989,-0.750008606585342
"1293308",2019-04-04,50.3432940389296,-0.713552146365503
"1293308",2019-04-05,50.3665280522523,-0.692065644221461
"1293308",2019-04-06,50.3993945196777,-0.677505813264038
"1293308",2019-04-07,50.4255964761008,-0.625038080363088
"1293308",2019-04-08,50.4609993857826,-0.552134547408469
"1293308",2019-04-09,50.4977650180078,-0.475815630370897
"1293308",2019-04-10,50.495046353762,-0.33000800973055
"1293308",2019-04-11,50.5008877077091,-0.162180317222919
"1293308",2019-04-12,50.4777490305401,-0.0259456425309428
"1293308",2019-04-13,50.4608361150891,0.128912528462562
"1293308",2019-04-14,50.4697960063498,0.280008156561239
"1293308",2019-04-15,50.4820900778465,0.425937248333745
"1293308",2019-04-16,50.5015711227718,0.565317765795862
"1293308",2019-04-17,50.5195667736622,0.716829859077688
"1293308",2019-04-18,50.5271346076918,0.871260158618883
"1293308",2019-04-19,50.5254881366296,1.01751957946407
"1293308",2019-04-20,50.5508744158545,1.09950302894507
"1293308",2019-04-21,50.6006193818189,1.17193650482972
"1293308",2019-04-22,50.6689548362714,1.21859919126228
"1293308",2019-04-23,50.7347530831666,1.31208792248027
"1293308",2019-04-24,50.7906854390442,1.38851618809202
"1293308",2019-04-25,50.8634180774425,1.45993625823853
"1293308",2019-04-26,50.9440173511957,1.54761403652049
"1293308",2019-04-27,51.013632237374,1.61055232033055
"1293308",2019-04-28,51.0929943074054,1.69239366695549
"1293308",2019-04-29,51.1654195991433,1.76417301337897
"1293308",2019-04-30,51.2478726928699,1.84028292349452
"1293308",2019-05-01,51.3364287791487,1.89779102959507
"1293308",2019-05-02,51.4324076637355,1.96205924732858
"1293308",2019-05-03,51.5218028402725,2.00328385992088
"1293308",2019-05-04,51.6150705680261,2.06200341297422
"1293308",2019-05-05,51.6323772862224,2.07998457341082
"1293308",2019-05-06,51.6368665550039,2.21922804661665
"1293308",2019-05-07,51.6382133425066,2.34996942913105
"1293308",2019-05-08,51.6503024348378,2.52690338679609
"1293308",2019-05-09,51.6155030317222,2.71773064495456
"1293308",2019-05-10,51.5793338457266,2.93157407006479
"1293308",2019-05-11,51.5583811480429,3.07203385461296
"1293308",2019-05-12,51.5372951046972,3.24235420132252
"1293308",2019-05-13,51.470929817412,3.50300184729161
"1293308",2019-05-14,51.4782822952705,3.50659107439476
"1293308",2019-05-15,51.4731594999502,3.49999027705182
"1293308",2019-05-16,51.423178346256,3.4950260348748
"1293308",2019-05-17,51.4253435474929,3.49692139867165
"1293308",2019-05-18,51.4759500054735,3.50727111894259
"1293308",2019-05-19,51.4769389269972,3.49878265680531
"1293308",2019-05-20,51.4739794240059,3.50437611211636
"1293308",2019-05-21,51.4275254982749,3.50281571533471
"1293308",2019-05-22,51.4759183328165,3.50427419846403
"1293308",2019-05-23,51.4789364311502,3.50126810577062
"1293308",2019-05-24,51.4706125120355,3.50436282061786
"1293308",2019-05-25,51.4705799709753,3.5112700392948
"1293308",2019-05-26,51.4720635526211,3.51050788021336
"1293308",2019-05-27,51.4748281800699,3.50739804277419
"1293308",2019-05-28,51.472689878442,3.50448395150915
"1293308",2019-05-29,51.4756436209042,3.51247957921638
"1293308",2019-05-30,51.4719042490065,3.50069810570431
"1293308",2019-05-31,51.4725450842343,3.51191416887928
"1293308",2019-06-01,51.4727755058691,3.50663607817184
"1293308",2019-06-02,51.4789900520572,3.51278331728143
"1293308",2019-06-03,51.4716247149644,3.50548762936627
"1293308",2019-06-04,51.4772458813711,3.50520012148798
"1293308",2019-06-05,51.4714784289029,3.50867233754769
"1293308",2019-06-06,51.4747651186748,3.50086473484094
"1293308",2019-06-07,51.474605139157,3.50911175920588
"1293308",2019-06-08,51.4298989868813,3.50485476602145
"1293308",2019-06-09,51.4712666936733,3.5071157851825
"1293308",2019-06-10,51.4278965669905,3.49695118209095
"1293308",2019-06-11,51.4309304910453,3.497924726824
"1293308",2019-06-12,51.4250272025039,3.49874884761388
"1293308",2019-06-13,51.4328750767392,3.49624308805348
"1293308",2019-06-14,51.4334247274588,3.48727846432142
"1293308",2019-06-15,51.4692122214383,3.47799154345771
"1293308",2019-06-16,51.4655169667516,3.45635718225955
"1293308",2019-06-17,51.4608985667949,3.46551564122679
"1293308",2019-06-18,51.461152191922,3.45908319829113
"1293308",2019-06-19,51.4503856501754,3.44434603516755
"1293308",2019-06-20,51.4447525531219,3.45060833308033
"1293308",2019-06-21,51.445693433115,3.44143894018348
"1293308",2019-06-22,51.4630613054953,3.46247859014787
"1293308",2019-06-23,51.469325582532,3.45960676488728
"1293308",2019-06-24,51.4643750664048,3.45932738029302
"1293308",2019-06-25,51.4380071527799,3.48591084132385
"1293308",2019-06-26,51.4291048802585,3.50272156997345
"1293308",2019-06-27,51.4225593972307,3.51259114866535
"1293308",2019-06-28,51.4218134508062,3.52404211323182
"1293308",2019-06-29,51.4191997919807,3.53949653309846
"1293308",2019-06-30,51.4168277592308,3.5648365271719
"1293308",2019-07-01,51.4209114996081,3.57422784502972
"1293308",2019-07-02,51.4184040866519,3.58973066012996
"1293308",2019-07-03,51.4328504396521,3.60804706477307
"1293308",2019-07-04,51.4303971708403,3.61158461033772
"1293308",2019-07-05,51.4351101525766,3.6406572747154
"1293308",2019-07-06,51.4262483254878,3.67295833913992
"1293308",2019-07-07,51.4164367609024,3.68228550644147
"1293308",2019-07-08,51.4190971137576,3.68572418740557
"1293308",2019-07-09,51.4231153425849,3.71009735350382
"1293308",2019-07-10,51.418817340337,3.7034038403768
"1293308",2019-07-11,51.4165147013703,3.72380057338606
"1293308",2019-07-12,51.4041794923455,3.7322681049516
"1293308",2019-07-13,51.3989921970164,3.712326926199
"1293308",2019-07-14,51.4185533501452,3.6968416240185
"1293308",2019-07-15,51.4417544751104,3.64683224233114
"1293308",2019-07-16,51.4758149372038,3.50421769696866
"1293308",2019-07-17,51.4781230748524,3.51120093750385
"1293308",2019-07-18,51.477178299639,3.50567075516423
"1293308",2019-07-19,51.475005643266,3.50928832673526
"1293308",2019-07-20,51.4729815958258,3.5082973165968
"1293308",2019-07-21,51.4784649176717,3.510186869101
"1293308",2019-07-22,51.4736029371096,3.49987775485955
"1293308",2019-07-23,51.471910340816,3.50848704713101
"1293308",2019-07-24,51.478037414763,3.50185171905768
"1293308",2019-07-25,51.4761490451241,3.50683396614735
"1293308",2019-07-26,51.4730835294168,3.50632149782078
"1293308",2019-07-27,51.4259726740696,3.50144717612548
"1293308",2019-07-28,51.4707390781273,3.50052610179918
"1293308",2019-07-29,51.472204878245,3.50277135552361
"1293308",2019-07-30,51.4747297200101,3.51207082095019
"1293308",2019-07-31,51.4275887483553,3.50597594234968
"1293308",2019-08-01,51.4307287475808,3.50490280846674
"1293308",2019-08-02,51.4269881956849,3.50884392469821
"1293308",2019-08-03,51.4738802830164,3.51085524293388
"1293310",2019-07-11,51.6214119153219,3.66152405475784
"1293310",2019-07-12,51.6086523440282,3.67665421936334
"1293310",2019-07-13,51.6088310044053,3.69282403442423
"1293310",2019-07-14,51.6125323926314,3.69662872249318
"1293310",2019-07-15,51.6165674423453,3.69072912739205
"1293310",2019-07-16,51.6099732729929,3.69031554260327
"1293310",2019-07-17,51.6143456530656,3.69236004696527
"1293310",2019-07-18,51.6105527259459,3.68287152011614
"1293310",2019-07-19,51.6156637340888,3.69684777489024
"1293310",2019-07-20,51.6155377267764,3.68669475858471
"1293310",2019-07-21,51.6085192248451,3.68757907430878
"1293310",2019-07-22,51.6154660589174,3.68897694610298
"1293310",2019-07-23,51.6091218397121,3.68704023081216
"1293310",2019-07-24,51.6109592556068,3.68703991868786
"1293310",2019-07-25,51.6152238007688,3.69146675153713
"1293310",2019-07-26,51.6159666205915,3.68390761923223
"1293310",2019-07-27,51.6104893182989,3.68485111584214
"1293310",2019-07-28,51.6123047112259,3.69030344886466
"1293310",2019-07-29,51.6152404960119,3.68371873674687
"1293310",2019-07-30,51.6112549954732,3.69107684623816
"1293310",2019-07-31,51.6128944732258,3.69311451370084
"1293310",2019-08-01,51.6103797978199,3.69126161398107
"1293310",2019-08-02,51.6139242722517,3.69368836872651
"1293310",2019-08-03,51.6147418833561,3.69171009971924
"1293310",2019-08-04,51.6149528822488,3.68954379897595
"1293310",2019-08-05,51.6116381763722,3.69457188784922
"1293310",2019-08-06,51.6161255821551,3.68313125939155
"1293310",2019-08-07,51.6137768674394,3.69652511262762
"1293310",2019-08-08,51.6122663737648,3.69666026549844
"1293310",2019-08-09,51.6082349187459,3.68552842149015
"1293310",2019-08-10,51.6165296782244,3.69317539956612
"1293310",2019-08-11,51.6149314610926,3.6947656312475
"1293310",2019-08-12,51.6124970418569,3.69582379125412
"1293310",2019-08-13,51.6159405207471,3.68322687444615
"1293310",2019-08-14,51.6145727241074,3.69693783536094
"1293310",2019-08-15,51.6101576275642,3.68262688669292
"1293310",2019-08-16,51.6115847719751,3.69456392199455
"1293312",2019-07-12,51.6122046899337,3.6463148060996
"1293312",2019-07-13,51.6119522775352,3.67971642932379
"1293312",2019-07-14,51.6080222815152,3.68368842003052
"1293312",2019-07-15,51.6164792488446,3.6944105622173
"1293312",2019-07-16,51.6127305256117,3.68556764542372
"1293312",2019-07-17,51.6123791906089,3.68410173207905
"1293312",2019-07-18,51.6158009186235,3.69101948823251
"1293312",2019-07-19,51.6165589944179,3.69229872177117
"1293312",2019-07-20,51.6138848937941,3.69572237025775
"1293312",2019-07-21,51.6129232599617,3.68646630231155
"1293312",2019-07-22,51.6084913295684,3.6883891877161
"1293312",2019-07-23,51.610330927802,3.69004544575786
"1293312",2019-07-24,51.6158001005263,3.68555770428164
"1293312",2019-07-25,51.6131547253969,3.69536122492488
"1293312",2019-07-26,51.609334564946,3.69562045589994
"1293312",2019-07-27,51.6148570538054,3.69359695566845
"1293312",2019-07-28,51.6134892564045,3.69535509085946
"1293312",2019-07-29,51.6117328799441,3.6934973021027
"1293312",2019-07-30,51.6146477081433,3.68510599886723
"1293312",2019-07-31,51.6142962559769,3.68592041727864
"1293312",2019-08-01,51.6083756084769,3.69277268040267
"1293312",2019-08-02,51.6137993699733,3.68379070783267
"1293312",2019-08-03,51.6146267487602,3.69219394647142
"1293312",2019-08-04,51.6113420500016,3.69619115471287
"1293312",2019-08-05,51.6105082190743,3.6938853412175
"1293312",2019-08-06,51.6116880432098,3.6951618199774
"1293312",2019-08-07,51.6146448719018,3.68772069201663
"1293312",2019-08-08,51.6097585476766,3.6962755342898
"1293312",2019-08-09,51.6116863869086,3.69571025698215
"1293312",2019-08-10,51.6162060521836,3.68896696640931
"1293312",2019-08-11,51.6091782363959,3.69448229594417
"1293312",2019-08-12,51.6151854780861,3.69139344311421
"1293319",2018-07-19,51.6122046899337,3.6463148060996
"1293319",2018-07-20,51.6086144789766,3.68766775178157
"1293319",2018-07-21,51.6125202218101,3.69062106819525
"1293319",2018-07-22,51.6085595355694,3.67325377794672
"1293319",2018-07-23,51.6140595328965,3.65059654705673
"1293319",2018-07-24,51.6115294086031,3.59110307196049
"1293319",2018-07-25,51.6015950198255,3.53450920014448
"1293319",2018-07-26,51.5528382997763,3.42897537850294
"1293319",2018-07-27,51.5982574811484,3.29033141100925
"1293319",2018-07-28,51.5726417118379,3.20953799534414
"1293319",2018-07-29,51.558663290532,3.13174104301964
"1293319",2018-07-30,51.5702082593287,3.03741095045973
"1293319",2018-07-31,51.5563069016446,3.00799690110713
"1293319",2018-08-01,51.5774371872359,2.99607264745754
"1293319",2018-08-02,51.5680564237202,3.05056199544012
"1293319",2018-08-03,51.550485485554,3.12208998483595
"1293319",2018-08-04,51.5454426509623,3.11728516587412
"1293319",2018-08-05,51.5434230646515,3.12918564450399
"1293319",2018-08-06,51.5484253906817,3.14170894663539
"1293319",2018-08-07,51.5484789848249,3.13178482853432
"1293319",2018-08-08,51.5614003865747,3.13239761647154
"1293319",2018-08-09,51.561423532388,3.13645021876863
"1293319",2018-08-10,51.5575600881709,3.12969668518391
"1293321",2018-07-19,51.6122046899337,3.63184854407365
"1293321",2018-07-20,51.608003131063,3.67900819423339
"1293321",2018-07-21,51.6553855616666,3.56227391271414
"1293321",2018-07-22,51.6892124809503,3.4458031211108
"1293321",2018-07-23,51.6928487934948,3.38689949054681
"1293321",2018-07-24,51.6843936326846,3.34655369705517
"1293321",2018-07-25,51.6783358453061,3.33024435517176
"1293321",2018-07-26,51.6636274558499,3.30670535238578
"1293321",2018-07-27,51.6542156743024,3.30514335010899
"1293321",2018-07-28,51.6610544901278,3.29641426720347
"1293321",2018-07-29,51.6503743323744,3.28513935044693
"1293321",2018-07-30,51.6407542987605,3.28193319575354
"1293321",2018-07-31,51.6418544127165,3.27677179692815
"1293321",2018-08-01,51.6425699760259,3.26158027760009
"1293321",2018-08-02,51.6434326596186,3.26423571989628
"1293321",2018-08-03,51.6439500905348,3.25835799416589
"1293321",2018-08-04,51.6443925136538,3.26434795169138
"1293321",2018-08-05,51.6432121067224,3.26209060297465
"1293321",2018-08-06,51.639723330073,3.26340535863357
"1293321",2018-08-07,51.6471693932604,3.25436960160035
"1293321",2018-08-08,51.6586055514139,3.23782236009107
"1293321",2018-08-09,51.6781799527456,3.23386908516479
"1293321",2018-08-10,51.6914945423052,3.21521151972287
"1293321",2018-08-11,51.7131056580334,3.20829119273559
"1293321",2018-08-12,51.7255323079222,3.20008867357724
"1293321",2018-08-13,51.7334009794315,3.20114591593515
"1293321",2018-08-14,51.7395927605156,3.20913486380928
"1293321",2018-08-15,51.7502969440706,3.21265454441263
"1293321",2018-08-16,51.7730582717619,3.2031315814931
"1293321",2018-08-17,51.7754959167698,3.20570543805133
"1293321",2018-08-18,51.7905361889772,3.21142963915572
"1293321",2018-08-19,51.7964630982292,3.20716588299238
"1293321",2018-08-20,51.8020737495868,3.20415114614011
"1293321",2018-08-21,51.8235382029636,3.20377209689411
"1293321",2018-08-22,51.8445010735367,3.18293121981692
"1293321",2018-08-23,51.8697097971425,3.15837003007252
"1293321",2018-08-24,51.8970028455728,3.1350561364035
"1293321",2018-08-25,51.9269710259744,3.10269743230754
"1293321",2018-08-26,51.959757145301,3.05603868829906
"1293321",2018-08-27,51.9881591714832,3.03681226798793
"1293321",2018-08-28,52.0158606738827,3.00270358743194
"1293321",2018-08-29,52.044060081924,2.98430008191716
"1293321",2018-08-30,52.0657036754831,2.9508578246282
"1293321",2018-08-31,52.1008425607006,2.92535162451159
"1293321",2018-09-01,52.1194627620236,2.89160184794742
"1293321",2018-09-02,52.147256502846,2.87681818668159
"1293321",2018-09-03,52.1745253979179,2.84185843104741
"1293321",2018-09-04,52.2040871192483,2.81040759475974
"1293321",2018-09-05,52.2345462848489,2.79369514800779
"1293321",2018-09-06,52.2532709892052,2.76439242165951
"1293321",2018-09-07,52.2858858744372,2.72849598812547
"1293321",2018-09-08,52.3132578888793,2.69908087000128
"1293321",2018-09-09,52.3321993339567,2.6798192749031
"1293321",2018-09-10,52.3610007773312,2.62806137867619
"1293321",2018-09-11,52.3864990564408,2.59484888937473
"1293321",2018-09-12,52.4150176689364,2.55689886659652
"1293321",2018-09-13,52.4372904819073,2.52445513875267
"1293321",2018-09-14,52.465597811274,2.47265120811954
"1293321",2018-09-15,52.4869021155866,2.4495533120855
"1293321",2018-09-16,52.5049967100039,2.42727332770131
"1293321",2018-09-17,52.5160751800894,2.38634229846039
"1293321",2018-09-18,52.5489642800291,2.36425170588944
"1293321",2018-09-19,52.5725732346458,2.34296419560581
"1293321",2018-09-20,52.5879019401848,2.30390039220616
"1293321",2018-09-21,52.6152626401053,2.28551167470506
"1293321",2018-09-22,52.6345120442488,2.25307666105704
"1293321",2018-09-23,52.6544848491081,2.23867422991239
"1293321",2018-09-24,52.6568386712089,2.22873904623967
"1293321",2018-09-25,52.680526953933,2.22354588574822
"1293321",2018-09-26,52.684702734802,2.21735516004214
"1293321",2018-09-27,52.6925782838227,2.21688088447617
"1293321",2018-09-28,52.7064680583963,2.21855050731624
"1293321",2018-09-29,52.7203326133174,2.20730823293656
"1293321",2018-09-30,52.7270937507271,2.21265164102764
"1293321",2018-10-01,52.7381416323457,2.2082230759188
"1293321",2018-10-02,52.749154019985,2.21631996624264
"1293321",2018-10-03,52.7684424530683,2.22305576458813
"1293321",2018-10-04,52.7857862207098,2.2671751603266
"1293321",2018-10-05,52.7695604401994,2.30769467596318
"1293321",2018-10-06,52.7356219940058,2.34649297531515
"1293321",2018-10-07,52.715349498859,2.37135895762142
"1293321",2018-10-08,52.6907568946316,2.38330642622639
"1293321",2018-10-09,52.6635024181144,2.41103925735343
"1293321",2018-10-10,52.6342991601394,2.45406389121968
"1293321",2018-10-11,52.6191513698839,2.48073421929651
"1293321",2018-10-12,52.6026635348688,2.49677861172072
"1293321",2018-10-13,52.576783596329,2.47377355446513
"1293321",2018-10-14,52.5695058015075,2.44484015981504
"1293321",2018-10-15,52.5564011970044,2.41448129410431
"1293321",2018-10-16,52.5471713226145,2.37846406195278
"1293321",2018-10-17,52.5241777471094,2.36578793795964
"1293321",2018-10-18,52.5147158519185,2.34246506409163
"1293321",2018-10-19,52.479057154623,2.34724843021147
"1293321",2018-10-20,52.4412486551865,2.33746717205045
"1293321",2018-10-21,52.4176768997087,2.34098935831927
"1293321",2018-10-22,52.3624771219048,2.36276248596636
"1293321",2018-10-23,52.3183375897398,2.36966117289523
"1293321",2018-10-24,52.2915980176804,2.34940986791179
"1293321",2018-10-25,52.2722884704465,2.33279992860044
"1293321",2018-10-26,52.2633485996487,2.31027674999696
"1293321",2018-10-27,52.250266994075,2.29808395435798
"1293321",2018-10-28,52.2241562086611,2.26872795221584
"1293321",2018-10-29,52.1989671221269,2.23817783807679
"1293321",2018-10-30,52.1859833291684,2.24409607798587
"1293321",2018-10-31,52.1862820297997,2.26114426659157
"1293321",2018-11-01,52.1945123277216,2.2565454472072
"1293321",2018-11-02,52.2053174551951,2.27847646461188
"1293321",2018-11-03,52.2104956802803,2.27894024300629
"1293321",2018-11-04,52.223987368383,2.28119218776557
"1293321",2018-11-05,52.2395741102371,2.27762349777524
"1293321",2018-11-06,52.2533056691067,2.25719429469981
"1293321",2018-11-07,52.2662911321947,2.24286707763739
"1293321",2018-11-08,52.2734190472052,2.24364565299242
"1293321",2018-11-09,52.2790051731926,2.25119495005773
"1293321",2018-11-10,52.2902623411465,2.25187191521738
"1293321",2018-11-11,52.300728090367,2.26330629412383
"1293321",2018-11-12,52.3084623183002,2.27221967861316
"1293321",2018-11-13,52.320735600738,2.29055959390352
"1293321",2018-11-14,52.3284107091018,2.30334527914365
"1293321",2018-11-15,52.3310735114798,2.3046314608955
"1293321",2018-11-16,52.3270198390561,2.30462506248295
"1293321",2018-11-17,52.3252662378536,2.31042063712878
"1293321",2018-11-18,52.3261414057259,2.30222646377367
"1293321",2018-11-19,52.3298488282797,2.30157106390452
"1293321",2018-11-20,52.3284339064206,2.30179799670654
"1293321",2018-11-21,52.3267705783728,2.30393932981008
"1293321",2018-11-22,52.324505047145,2.31169437801358
"1293321",2018-11-23,52.3289450845091,2.32776880830898
"1293321",2018-11-24,52.3245264436658,2.31687326532752
"1293321",2018-11-25,52.3304994336856,2.31992820933873
"1293321",2018-11-26,52.3237848384055,2.32407402675297
"1293321",2018-11-27,52.3274700051402,2.32047018470628
"1293321",2018-11-28,52.3343749680015,2.31771985730903
"1293321",2018-11-29,52.3507458881858,2.28080306409341
"1293321",2018-11-30,52.3555631138482,2.26579622106631
"1293321",2018-12-01,52.3524541739992,2.25930572583707
"1293321",2018-12-02,52.3534017842747,2.2695930329808
"1293321",2018-12-03,52.3749885523848,2.25478186371202
"1293321",2018-12-04,52.3787634575011,2.27096420885002
"1293321",2018-12-05,52.3917230513729,2.28746883361548
"1293321",2018-12-06,52.3859074143437,2.28360617150764
"1293321",2018-12-07,52.3762187372348,2.31387807452128
"1293321",2018-12-08,52.3788138244585,2.31094013217461
"1293321",2018-12-09,52.3914990352238,2.30367062446685
"1293321",2018-12-10,52.3912842812157,2.29078324249727
"1293321",2018-12-11,52.3862450060103,2.28967305605433
"1293321",2018-12-12,52.3854370884114,2.29480364121841
"1293321",2018-12-13,52.3729695162556,2.2841732099529
"1293321",2018-12-14,52.3717680272663,2.26439790183909
"1293321",2018-12-15,52.3522365504349,2.28422528723859
"1293321",2018-12-16,52.3621224381812,2.20431197453226
"1293321",2018-12-17,52.3608214513355,2.15768052033274
"1293321",2018-12-18,52.3711352250992,2.11924633511262
"1293321",2018-12-19,52.3550928060694,2.16182865874943
"1293321",2018-12-20,52.336360933091,2.25136494607695
"1293321",2018-12-21,52.3304130406599,2.26488440138826
"1293321",2018-12-22,52.3162237867324,2.2798187935613
"1293321",2018-12-23,52.3105797826699,2.29882340407215
"1293321",2018-12-24,52.3099348388208,2.28812398909979
"1293321",2018-12-25,52.3097475194682,2.29663110104636
"1293321",2018-12-26,52.3029262917638,2.29577277848712
"1293321",2018-12-27,52.2990303688257,2.2903238156818
"1293321",2018-12-28,52.3011770419977,2.2941579132577
"1293321",2018-12-29,52.2879894231782,2.3061412813797
"1293321",2018-12-30,52.2790657402974,2.30441493045236
"1293321",2018-12-31,52.2757412011237,2.30342714742718
"1293321",2019-01-01,52.2585066252385,2.31645198863763
"1293321",2019-01-02,52.2431890991399,2.35064699359077
"1293321",2019-01-03,52.2205906528986,2.35371256714926
"1293321",2019-01-04,52.2079454060486,2.36238112803281
"1293321",2019-01-05,52.1924290643659,2.36887059712062
"1293321",2019-01-06,52.1962646392459,2.37169355817612
"1293321",2019-01-07,52.1992701493937,2.34242375855732
"1293321",2019-01-08,52.1919945460636,2.34183148323421
"1293321",2019-01-09,52.1835405252766,2.36803901269777
"1293321",2019-01-10,52.1849214109397,2.38722131718664
"1293321",2019-01-11,52.1840944620964,2.40435351918359
"1293321",2019-01-12,52.1838387504502,2.3653811845726
"1293321",2019-01-13,52.1810525747883,2.37175588081763
"1293321",2019-01-14,52.1739100587855,2.39023850756169
"1293321",2019-01-15,52.1737689228152,2.36452156907229
"1293321",2019-01-16,52.1785062737898,2.35590484235367
"1293321",2019-01-17,52.1714743417357,2.34094699861747
"1293321",2019-01-18,52.1574328430548,2.34733621361308
"1293321",2019-01-19,52.1534872803587,2.35664485463691
"1293321",2019-01-20,52.1444019070263,2.40224957016635
"1293321",2019-01-21,52.1364676811448,2.42781696959614
"1293321",2019-01-22,52.1213501692702,2.46043996803614
"1293321",2019-01-23,52.1118792455758,2.4929661472373
"1293321",2019-01-24,52.1003727729223,2.48873144661692
"1293321",2019-01-25,52.0742345565804,2.47486855530229
"1293321",2019-01-26,52.0821528273813,2.4391035002871
"1293321",2019-01-27,52.08345205169,2.41518307188398
"1293321",2019-01-28,52.0981635003531,2.37887470233862
"1293321",2019-01-29,52.1142508196303,2.36105235936573
"1293321",2019-01-30,52.1332520680809,2.32308048589012
"1293321",2019-01-31,52.1481636257824,2.29230800545177
"1293321",2019-02-01,52.1717124398467,2.25665956128804
"1293321",2019-02-02,52.1867430069232,2.24096551089218
"1293321",2019-02-03,52.1888844641106,2.23580177343914
"1293321",2019-02-04,52.1861623044296,2.23718160094024
"1293321",2019-02-05,52.1717419874632,2.25886358884021
"1293321",2019-02-06,52.1578145281979,2.27391032548775
"1293321",2019-02-07,52.1536591287326,2.28300215831707
"1293321",2019-02-08,52.1625717283214,2.25294509266614
"1293321",2019-02-09,52.1662612763032,2.23743876597174
"1293321",2019-02-10,52.1794126841986,2.26186198577922
"1293321",2019-02-11,52.1881239542256,2.2772339571559
"1293321",2019-02-12,52.1932851438896,2.2859938657221
"1293321",2019-02-13,52.2029043045566,2.30077074268505
"1293321",2019-02-14,52.210408971187,2.31665270046122
"1293321",2019-02-15,52.2226411824769,2.32481139018618
"1293321",2019-02-16,52.2174493135323,2.31824580846365
"1293321",2019-02-17,52.2112098899994,2.33918682372474
"1293321",2019-02-18,52.2029714200467,2.33418083573135
"1293321",2019-02-19,52.1904873355,2.30552540635834
"1293321",2019-02-20,52.1947621301437,2.3047873631065
"1293321",2019-02-21,52.1844286133059,2.36018209152906
"1293321",2019-02-22,52.178336429809,2.39272524601722
"1293321",2019-02-23,52.1666071873983,2.39335922308665
"1293321",2019-02-24,52.1640646178361,2.38799621130689
"1293321",2019-02-25,52.1695328163539,2.39547671251875
"1293321",2019-02-26,52.1695851903002,2.38577903973392
"1293321",2019-02-27,52.1694663533264,2.38058381131424
"1293321",2019-02-28,52.169518897551,2.37567954245006
"1293321",2019-03-01,52.1711344386622,2.37470330278826
"1293321",2019-03-02,52.1689795990951,2.3671155348687
"1293321",2019-03-03,52.1661577533961,2.37988381931398
"1293321",2019-03-04,52.1683812473553,2.36703833820486
"1293321",2019-03-05,52.1788401495396,2.36541224654339
"1293321",2019-03-06,52.1807557980623,2.35421651654754
"1293321",2019-03-07,52.1900722439298,2.33909387140127
"1293321",2019-03-08,52.1985532268471,2.35269015492231
"1293321",2019-03-09,52.207934027818,2.34231929579736
"1293321",2019-03-10,52.2130701042984,2.3284119403434
"1293321",2019-03-11,52.2161235977537,2.32066222535972
"1293321",2019-03-12,52.2158556297728,2.30961762294678
"1293321",2019-03-13,52.2147711422608,2.2844468207302
"1293321",2019-03-14,52.2194479760698,2.25471427142176
"1293321",2019-03-15,52.2275013530589,2.23694602947234
"1293321",2019-03-16,52.2426094806936,2.19893539192745
"1293321",2019-03-17,52.2497297698458,2.19204143811467
"1293321",2019-03-18,52.2557163573164,2.17639022063642
"1293321",2019-03-19,52.255028043417,2.17555485995573
"1293321",2019-03-20,52.2548360206843,2.18398120939486
"1293321",2019-03-21,52.25553483335,2.19105483354245
"1293321",2019-03-22,52.2563716721627,2.18482078548844
"1293321",2019-03-23,52.2513087459857,2.20195209081601
"1293321",2019-03-24,52.2470815409549,2.20817574867394
"1293321",2019-03-25,52.2446038568788,2.17104770286065
"1293321",2019-03-26,52.2470842901544,2.14195759934545
"1293321",2019-03-27,52.251565725793,2.13049205162071
"1293321",2019-03-28,52.2492835753979,2.11231440195957
"1293321",2019-03-29,52.2471739084449,2.09422934489284
"1293321",2019-03-30,52.246276974788,2.09020874314025
"1293321",2019-03-31,52.2381744135995,2.08395459825571
"1293321",2019-04-01,52.2345188743214,2.07773738316959
"1293321",2019-04-02,52.2239512069478,2.08002156781731
"1293321",2019-04-03,52.2148315578419,2.08811845820179
"1293321",2019-04-04,52.2216641005658,2.06331910860242
"1293321",2019-04-05,52.2261184279678,2.06036627210023
"1293321",2019-04-06,52.2302909690159,2.05572874139601
"1293321",2019-04-07,52.2278611502639,2.04748256168255
"1293321",2019-04-08,52.233392628138,2.04932984937315
"1293321",2019-04-09,52.2399013960671,2.05958587691003
"1293321",2019-04-10,52.2444343963413,2.05762564611893
"1293321",2019-04-11,52.2546252649096,2.04339574396237
"1293321",2019-04-12,52.2670197379233,2.04504231487949
"1293321",2019-04-13,52.26863433398,2.03916448873862
"1293321",2019-04-14,52.2550585470811,2.05878197044623
"1293321",2019-04-15,52.244989760942,2.07032763300373
"1293321",2019-04-16,52.2430511188883,2.09130370409459
"1293321",2019-04-17,52.2202857065936,2.10282473542257
"1293321",2019-04-18,52.2015363724326,2.10461160238825
"1293321",2019-04-19,52.1886733414666,2.12795233429339
"1293321",2019-04-20,52.1665943199609,2.13675784318764
"1293321",2019-04-21,52.1520602744851,2.15344621532379
"1293321",2019-04-22,52.1353150388402,2.17149310043947
"1293321",2019-04-23,52.1047610764247,2.17664481573705
"1293321",2019-04-24,52.06805028091,2.19498589605693
"1293321",2019-04-25,52.0327121255549,2.19862476788996
"1293321",2019-04-26,51.9976328903388,2.20118001189839
"1293321",2019-04-27,51.960241578522,2.18395737303925
"1293321",2019-04-28,51.9211562072567,2.17497083128118
"1293321",2019-04-29,51.884606656945,2.1605713647506
"1293321",2019-04-30,51.8559543782198,2.13596909546983
"1293321",2019-05-01,51.8181221933641,2.1266243103482
"1293321",2019-05-02,51.7820971370711,2.10887083570977
"1293321",2019-05-03,51.7475717342254,2.0971752579096
"1293321",2019-05-04,51.7116194659245,2.11097293274239
"1293321",2019-05-05,51.6715995983876,2.17045813888934
"1293321",2019-05-06,51.6099336809635,2.24900038421019
"1293321",2019-05-07,51.5565018831105,2.32350057440919
"1293321",2019-05-08,51.4998639367308,2.39501693244885
"1293321",2019-05-09,51.460436115676,2.46252355804996
"1293321",2019-05-10,51.4183789306269,2.52165759192
"1293321",2019-05-11,51.3915585403264,2.57050101717495
"1293321",2019-05-12,51.3778833732487,2.57719903507734
"1293321",2019-05-13,51.3532132420126,2.58051182923407
"1293321",2019-05-14,51.3440690748014,2.5544709016472
"1293321",2019-05-15,51.333918366234,2.56699461862643
"1293321",2019-05-16,51.3270094208145,2.56494210034034
"1293321",2019-05-17,51.3270365895131,2.5442275686978
"1293321",2019-05-18,51.3201531291358,2.52431846431756
"1293321",2019-05-19,51.3103358490987,2.48977505385967
"1293321",2019-05-20,51.3058550014046,2.43822701154188
"1293321",2019-05-21,51.2877785091448,2.41214745307604
"1293321",2019-05-22,51.2800696435046,2.40972244050996
"1293321",2019-05-23,51.2805577377487,2.41804730332396
"1293321",2019-05-24,51.2660909968271,2.41561054199549
"1293321",2019-05-25,51.2694624887924,2.51714841043131
"1293321",2019-05-26,51.2751922000295,2.55702519884621
"1293321",2019-05-27,51.2765516938003,2.60613891803055
"1293321",2019-05-28,51.2706323048616,2.63520927280066
"1293321",2019-05-29,51.2849538092724,2.63898797195507
"1293321",2019-05-30,51.2708778714487,2.66687239493393
"1293321",2019-05-31,51.2770234645055,2.69334173580559
"1293321",2019-06-01,51.2745819585887,2.70015880777208
"1293321",2019-06-02,51.2572803554793,2.73335461044806
"1293321",2019-06-03,51.2638290304683,2.75127045643892
"1293321",2019-06-04,51.2985583900452,2.75631320541026
"1293321",2019-06-05,51.3278974481002,2.7821629873741
"1293321",2019-06-06,51.3437219702823,2.7878001018248
"1293321",2019-06-07,51.3664852617133,2.81841340365596
"1293321",2019-06-08,51.3779303616551,2.85070187197286
"1293321",2019-06-09,51.3935809805496,2.88716130656907
"1293321",2019-06-10,51.4079163464495,2.89928857589459
"1293321",2019-06-11,51.4294221231418,2.90941475978082
"1293321",2019-06-12,51.4484710749762,2.93264080102323
"1293321",2019-06-13,51.4728876936362,2.94618353447769
"1293321",2019-06-14,51.5009415341453,2.93472733822268
"1293321",2019-06-15,51.4805113028704,2.96082561968083
"1293321",2019-06-16,51.4778977336963,2.96189693202804
"1293321",2019-06-17,51.4383468447135,2.97698630451552
"1293321",2019-06-18,51.4193136885055,2.99584163162755
"1293321",2019-06-19,51.4129738281111,3.01605636874223
"1293321",2019-06-20,51.4038359887716,3.02430466148595
"1293321",2019-06-21,51.398906646175,3.04031885951386
"1293321",2019-06-22,51.3979204557346,3.05038906869364
"1293321",2019-06-23,51.4002364138119,3.07060160560207
"1293321",2019-06-24,51.3983457227656,3.08775936422464
"1293321",2019-06-25,51.3961172645802,3.08745420632662
"1293321",2019-06-26,51.4016643337706,3.08489875039657
"1293321",2019-06-27,51.3986097853039,3.08843963775422
"1293321",2019-06-28,51.4014508870408,3.07843819361745
"1293321",2019-06-29,51.3934125108136,3.07481043909612
"1293321",2019-06-30,51.3887607588947,3.07717947838044
"1293321",2019-07-01,51.4046768360332,3.07613925270847
"1293321",2019-07-02,51.4029535772551,3.08697706923889
"1293321",2019-07-03,51.4123031945923,3.06804966596319
"1293321",2019-07-04,51.4074563477626,3.06815991347271
"1293321",2019-07-05,51.398612419553,3.0682253035445
"1293321",2019-07-06,51.4096275583956,3.07534976321798
"1293321",2019-07-07,51.41913557008,3.06278285451378
"1293321",2019-07-08,51.4355251806328,3.06922387574767
"1293321",2019-07-09,51.455695885513,3.06767885203214
"1293321",2019-07-10,51.4627583485296,3.07912093664458
"1293321",2019-07-11,51.4696810355156,3.06583952064067
"1293321",2019-07-12,51.4653032115508,3.06614766786588
"1293321",2019-07-13,51.4663932211893,3.05854188101607
"1293321",2019-07-14,51.4622042586833,3.04487090352821
"1293321",2019-07-15,51.4668699991796,3.02347284912501
"1293321",2019-07-16,51.466192335279,3.02897091788478
"1293321",2019-07-17,51.4660067304352,3.02459425715134
"1293321",2019-07-18,51.4611400752493,3.03423692957858
"1293321",2019-07-19,51.4644057832021,3.03096775310867
"1293321",2019-07-20,51.461318233812,3.02773005449813
"1293321",2019-07-21,51.4657918570974,3.03867936184617
"1293321",2019-07-22,51.4633424909,3.04597032117448
"1293321",2019-07-23,51.469758105772,3.05578223511588
"1293321",2019-07-24,51.4781492705627,3.07998867291572
"1293321",2019-07-25,51.4712136339677,3.09073435671583
"1293321",2019-07-26,51.4873352193006,3.10267101620176
"1293321",2019-07-27,51.4928412827851,3.0962559362087
"1293321",2019-07-28,51.4949437816974,3.1211460825372
"1293321",2019-07-29,51.4980496588519,3.11276300407718
"1293321",2019-07-30,51.5058198495197,3.11716259327824
"1293321",2019-07-31,51.5085630391915,3.11329748517077
"1293321",2019-08-01,51.5193375212615,3.12461091744796
"1293321",2019-08-02,51.530389549049,3.11521322893915
"1293321",2019-08-03,51.5386594746934,3.12060234217394
"1293321",2019-08-04,51.5515909209059,3.1228427335254
"1293321",2019-08-05,51.558246872189,3.12212501267185
"1293321",2019-08-06,51.5563947748181,3.13704128131312
"1293321",2019-08-07,51.5616931686283,3.13177750194849
"1293321",2019-08-08,51.5730849725711,3.14209386624202
"1293321",2019-08-09,51.5804956277806,3.15670402700521
"1293321",2019-08-10,51.5974641405654,3.17037126783516
"1293321",2019-08-11,51.6061012663277,3.17484497292163
"1293321",2019-08-12,51.6095291507445,3.18621541061756
"1293321",2019-08-13,51.6152748757949,3.18868204965731
"1293321",2019-08-14,51.6131111172176,3.18242895796136
"1293321",2019-08-15,51.6206591425008,3.18176302317958
"1293321",2019-08-16,51.6307965456138,3.19174117688557
"1293321",2019-08-17,51.6415370475667,3.18979036979797
"1293321",2019-08-18,51.6489657922866,3.18319566094058
"1293321",2019-08-19,51.6596215335024,3.19701750010907
"1293321",2019-08-20,51.6663895071391,3.22006194064956
"1293321",2019-08-21,51.667738650224,3.23282717672846
"1293321",2019-08-22,51.66522171608,3.24684685343276
"1293321",2019-08-23,51.6755904608384,3.26234990740717
"1293321",2019-08-24,51.6830718751226,3.27059902217182
"1293321",2019-08-25,51.6954811060744,3.29030269203243
"1293321",2019-08-26,51.7043550197309,3.29542476304216
"1293321",2019-08-27,51.7244927618162,3.29157729743822
"1293321",2019-08-28,51.74562871871,3.2965051930836
"1293321",2019-08-29,51.7640679246656,3.27472105285161
"1293321",2019-08-30,51.7791974120123,3.27206407771128
"1293321",2019-08-31,51.8030818727026,3.25866846654169
"1293321",2019-09-01,51.8328014645778,3.22743419098162
"1293321",2019-09-02,51.8616376085031,3.20370661804755
"1293321",2019-09-03,51.8851232318338,3.16955229700683
"1293321",2019-09-04,51.9143035393639,3.12879905938011
"1293321",2019-09-05,51.9517087625691,3.09234056100247
"1293321",2019-09-06,51.9842479361887,3.03136336487931
"1293321",2019-09-07,52.0259037164751,2.99881569641002
"1293321",2019-09-08,52.0624855502654,2.95885818892018
"1293321",2019-09-09,52.0856275459237,2.91446695151329
"1293321",2019-09-10,52.1155034642966,2.87253558006189
"1293321",2019-09-11,52.1416914000743,2.82499174873618
"1293321",2019-09-12,52.166552755893,2.77944975928699
"1293321",2019-09-13,52.1998541851158,2.74060279029975
"1293321",2019-09-14,52.2435350648919,2.69871186964021
"1293321",2019-09-15,52.2734500573876,2.6543683183636
"1293321",2019-09-16,52.3069408172071,2.60907598079476
"1293321",2019-09-17,52.3486593933767,2.58083480395291
"1293321",2019-09-18,52.3780302451081,2.53284920607952
"1293321",2019-09-19,52.4111740748742,2.49165977847793
"1293321",2019-09-20,52.4529030811593,2.45383827445666
"1293321",2019-09-21,52.482452000601,2.40467510100561
"1293321",2019-09-22,52.5087219241286,2.39827581055553
"1293321",2019-09-23,52.5335649531845,2.3714020891361
"1293321",2019-09-24,52.5677873254981,2.35536546072987
"1293321",2019-09-25,52.5951776206822,2.31557515926457
"1293321",2019-09-26,52.6247250865865,2.3049554644833
"1293321",2019-09-27,52.6358129164512,2.30881616306425
"1293321",2019-09-28,52.6434550864226,2.33008422109618
"1293321",2019-09-29,52.6581161935204,2.32539382494154
"1293321",2019-09-30,52.6736480932827,2.32495112719611
"1293321",2019-10-01,52.6943015591921,2.31306447980082
"1293321",2019-10-02,52.7125665817361,2.29270048651827
"1293321",2019-10-03,52.7196581101953,2.26675889888566
"1293321",2019-10-04,52.7292995648474,2.24344639376864
"1293321",2019-10-05,52.7386327914536,2.22722142941742
"1293321",2019-10-06,52.7469488863114,2.21143558028173
"1293321",2019-10-07,52.7554373373687,2.19303612979584
"1293321",2019-10-08,52.7563447078385,2.20336501485585
"1293321",2019-10-09,52.7495028831858,2.19731377788557
"1293321",2019-10-10,52.7268863216814,2.19671134999319
"1293321",2019-10-11,52.6941168133179,2.23568326982224
"1293321",2019-10-12,52.6311617932659,2.36593138294051
"1293321",2019-10-13,52.5518979005927,2.3468008007051
"1293321",2019-10-14,52.4794847687271,2.35248965488642
"1293321",2019-10-15,52.4104137061434,2.31658774944583
"1293321",2019-10-16,52.3883198826523,2.30176613706751
"1293321",2019-10-17,52.3706303461648,2.28379566327196
"1293321",2019-10-18,52.3753234313903,2.2801976687122
"1293321",2019-10-19,52.3655193925079,2.28049316217092
"1293321",2019-10-20,52.3558255369846,2.26235639768679
"1293321",2019-10-21,52.3568830144906,2.26834876689952
"1293321",2019-10-22,52.3640595155573,2.26719449046966
"1293321",2019-10-23,52.3680765573869,2.261775636913
"1293321",2019-10-24,52.3727702145978,2.26758887669203
"1293321",2019-10-25,52.3773519267874,2.27560385582665
"1293321",2019-10-26,52.3973729026771,2.29884010199132
"1293321",2019-10-27,52.4025262062594,2.31973268101441
"1293321",2019-10-28,52.422036778483,2.34596143127818
"1293321",2019-10-29,52.4425689279757,2.35585716219872
"1293321",2019-10-30,52.4561272557278,2.35369705557285
"1293321",2019-10-31,52.4862923139238,2.34322717241334
"1293321",2019-11-01,52.4990618153952,2.33296369901827
"1293321",2019-11-02,52.5322000525452,2.31388880271886
"1293321",2019-11-03,52.5445556827298,2.34025918226315
"1293321",2019-11-04,52.5633222906898,2.32961786134779
"1293321",2019-11-05,52.5715018811967,2.33845776674638
"1293321",2019-11-06,52.5774923305976,2.30665859292776
"1293321",2019-11-07,52.5881423417645,2.28672960159656
"1293321",2019-11-08,52.6001727061763,2.2972880757577
"1293321",2019-11-09,52.6028262271951,2.32813789412882
"1293321",2019-11-10,52.5959835499433,2.38698537784739
"1293321",2019-11-11,52.5951432830907,2.38093706354272
"1293321",2019-11-12,52.6004977537228,2.39316672335002
"1293321",2019-11-13,52.5858480998921,2.43232523849201
"1293321",2019-11-14,52.5907802245106,2.40464068461239
"1293321",2019-11-15,52.5935798018356,2.39152289543536
"1293322",2018-07-19,51.6122046899337,3.6463148060996
"1293322",2018-07-20,51.6148845297276,3.54344912947322
"1293322",2018-07-21,51.6180932741577,3.3228420561714
"1293322",2018-07-22,51.6649102804463,3.14001187862547
"1293322",2018-07-23,51.7350781210118,3.07112583774532
"1293322",2018-07-24,51.7263841044284,3.01541697653823
"1293322",2018-07-25,51.7070702027392,2.97130676546775
"1293322",2018-07-26,51.6871198028883,2.963033642145
"1293322",2018-07-27,51.6883248460662,2.96097684959279
"1293322",2018-07-28,51.682220588351,2.95574944471482
"1293322",2018-07-29,51.6813506054144,2.95753941618059
"1293322",2018-07-30,51.6152872077066,2.96025976140624
"1293322",2018-07-31,51.6080886194672,2.98362765449901
"1293322",2018-08-01,51.6140143928412,2.97953548403247
"1293322",2018-08-02,51.6157644709797,2.98537197942126
"1293322",2018-08-03,51.6131217417481,2.96799873486077
"1293322",2018-08-04,51.5910084012397,2.88826482137933
"1293322",2018-08-05,51.6176664729163,2.82259564553439
"1293322",2018-08-06,51.6088332112773,2.81421133683748
"1293322",2018-08-07,51.6098272132378,2.72339610539994
"1293322",2018-08-08,51.5975480335479,2.7237568517762
"1293322",2018-08-09,51.5979376432259,2.69839647457465
"1293322",2018-08-10,51.5974146117517,2.69831425358555
"1293322",2018-08-11,51.5913544334277,2.70848643904691
"1293322",2018-08-12,51.5964916664074,2.6979090766036
